{"cameraMode":{"drawMode":0,"name":"Shaded","section":"Shading Mode"},"sceneLighting":false,"audioPlay":false,"sceneViewState":{"showFog":true,"showMaterialUpdate":false,"showSkybox":true,"showFlares":true,"showImageEffects":true,"showParticleSystems":true},"in2DMode":false,"pivot":{"x":744.5328369140625,"y":1302.9376220703125,"z":-4.900195121765137},"rotation":{"x":0.001499993959441781,"y":0.0029999916441738607,"z":-0.000004499974238569848,"w":0.9999943971633911},"size":1385.9156494140625,"orthographic":true}