{"cameraMode":{"drawMode":0,"name":"Shaded","section":"Shading Mode"},"sceneLighting":false,"audioPlay":false,"sceneViewState":{"showFog":true,"showMaterialUpdate":false,"showSkybox":false,"showFlares":true,"showImageEffects":true,"showParticleSystems":true},"in2DMode":false,"pivot":{"x":-14.600006103515625,"y":-15.699996948242188,"z":0.0},"rotation":{"x":0.017992500215768815,"y":-0.026992352679371835,"z":0.00048591566155664623,"w":0.9994735717773438},"size":1297.0614013671875,"orthographic":true}