{"cameraMode":{"drawMode":0,"name":"Shaded","section":"Shading Mode"},"sceneLighting":false,"audioPlay":false,"sceneViewState":{"showFog":true,"showMaterialUpdate":false,"showSkybox":false,"showFlares":true,"showImageEffects":true,"showParticleSystems":true},"in2DMode":false,"pivot":{"x":2.4499969482421877,"y":-13.700004577636719,"z":0.0},"rotation":{"x":0.017992500215768815,"y":-0.026992352679371835,"z":0.00048591566155664623,"w":0.9994735717773438},"size":661.8762817382813,"orthographic":true}